plate_no,common_name,file_name,img_file,in_dataset,inaturalist_folder,audubon_image,mosaic,mosaic_img,display_img
plate-77,belted-kingfisher,plate-77-belted-kingfisher.jpg,/Users/estene/Documents/GitHub/audubon/audubon_images/plates/1-99/plate-77-belted-kingfisher.jpg,Yes,/Users/estene/Documents/GitHub/audubon/inaturalist/belted-kingfisher,/Users/estene/Documents/GitHub/audubon/inaturalist/belted-kingfisher/plate-77-belted-kingfisher.jpg,,/Users/estene/Documents/GitHub/audubon/mosaics/belted-kingfisher.jpeg,/Users/estene/Documents/GitHub/audubon/displays/brown-creeper.jpeg
plate-1,wild-turkey,plate-1-wild-turkey.jpg,/Users/estene/Documents/GitHub/audubon/audubon_images/plates/1-99/plate-1-wild-turkey.jpg,Yes,/Users/estene/Documents/GitHub/audubon/inaturalist/wild-turkey,/Users/estene/Documents/GitHub/audubon/inaturalist/wild-turkey/plate-1-wild-turkey.jpg,,/Users/estene/Documents/GitHub/audubon/mosaics/wild-turkey.jpeg,/Users/estene/Documents/GitHub/audubon/displays/brown-creeper.jpeg
plate-46,barred-owl,plate-46-barred-owl.jpg,/Users/estene/Documents/GitHub/audubon/audubon_images/plates/1-99/plate-46-barred-owl.jpg,Yes,/Users/estene/Documents/GitHub/audubon/inaturalist/barred-owl,/Users/estene/Documents/GitHub/audubon/inaturalist/barred-owl/plate-46-barred-owl.jpg,,/Users/estene/Documents/GitHub/audubon/mosaics/barred-owl.jpeg,/Users/estene/Documents/GitHub/audubon/displays/brown-creeper.jpeg
plate-33,american-goldfinch,plate-33-american-goldfinch.jpg,/Users/estene/Documents/GitHub/audubon/audubon_images/plates/1-99/plate-33-american-goldfinch.jpg,Yes,/Users/estene/Documents/GitHub/audubon/inaturalist/american-goldfinch,/Users/estene/Documents/GitHub/audubon/inaturalist/american-goldfinch/plate-33-american-goldfinch.jpg,,/Users/estene/Documents/GitHub/audubon/mosaics/american-goldfinch.jpeg,/Users/estene/Documents/GitHub/audubon/displays/brown-creeper.jpeg
plate-25,song-sparrow,plate-25-song-sparrow.jpg,/Users/estene/Documents/GitHub/audubon/audubon_images/plates/1-99/plate-25-song-sparrow.jpg,Yes,/Users/estene/Documents/GitHub/audubon/inaturalist/song-sparrow,/Users/estene/Documents/GitHub/audubon/inaturalist/song-sparrow/plate-25-song-sparrow.jpg,,/Users/estene/Documents/GitHub/audubon/mosaics/song-sparrow.jpeg,/Users/estene/Documents/GitHub/audubon/displays/brown-creeper.jpeg
plate-85,yellow-throated-warbler,plate-85-yellow-throated-warbler.jpg,/Users/estene/Documents/GitHub/audubon/audubon_images/plates/1-99/plate-85-yellow-throated-warbler.jpg,Yes,/Users/estene/Documents/GitHub/audubon/inaturalist/yellow-throated-warbler,/Users/estene/Documents/GitHub/audubon/inaturalist/yellow-throated-warbler/plate-85-yellow-throated-warbler.jpg,,/Users/estene/Documents/GitHub/audubon/mosaics/yellow-throated-warbler.jpeg,/Users/estene/Documents/GitHub/audubon/displays/brown-creeper.jpeg
plate-59,chestnut-sided-warbler,plate-59-chestnut-sided-warbler.jpg,/Users/estene/Documents/GitHub/audubon/audubon_images/plates/1-99/plate-59-chestnut-sided-warbler.jpg,Yes,/Users/estene/Documents/GitHub/audubon/inaturalist/chestnut-sided-warbler,/Users/estene/Documents/GitHub/audubon/inaturalist/chestnut-sided-warbler/plate-59-chestnut-sided-warbler.jpg,,/Users/estene/Documents/GitHub/audubon/mosaics/chestnut-sided-warbler.jpeg,/Users/estene/Documents/GitHub/audubon/displays/brown-creeper.jpeg
plate-64,swamp-sparrow,plate-64-swamp-sparrow.jpg,/Users/estene/Documents/GitHub/audubon/audubon_images/plates/1-99/plate-64-swamp-sparrow.jpg,Yes,/Users/estene/Documents/GitHub/audubon/inaturalist/swamp-sparrow,/Users/estene/Documents/GitHub/audubon/inaturalist/swamp-sparrow/plate-64-swamp-sparrow.jpg,,/Users/estene/Documents/GitHub/audubon/mosaics/swamp-sparrow.jpeg,/Users/estene/Documents/GitHub/audubon/displays/brown-creeper.jpeg
plate-27,red-headed-woodpecker,plate-27-red-headed-woodpecker.jpg,/Users/estene/Documents/GitHub/audubon/audubon_images/plates/1-99/plate-27-red-headed-woodpecker.jpg,Yes,/Users/estene/Documents/GitHub/audubon/inaturalist/red-headed-woodpecker,/Users/estene/Documents/GitHub/audubon/inaturalist/red-headed-woodpecker/plate-27-red-headed-woodpecker.jpg,,/Users/estene/Documents/GitHub/audubon/mosaics/red-headed-woodpecker.jpeg,/Users/estene/Documents/GitHub/audubon/displays/brown-creeper.jpeg
plate-14,prairie-warbler,plate-14-prairie-warbler.jpg,/Users/estene/Documents/GitHub/audubon/audubon_images/plates/1-99/plate-14-prairie-warbler.jpg,Yes,/Users/estene/Documents/GitHub/audubon/inaturalist/prairie-warbler,/Users/estene/Documents/GitHub/audubon/inaturalist/prairie-warbler/plate-14-prairie-warbler.jpg,,/Users/estene/Documents/GitHub/audubon/mosaics/prairie-warbler.jpeg,/Users/estene/Documents/GitHub/audubon/displays/brown-creeper.jpeg
plate-40,american-redstart,plate-40-american-redstart.jpg,/Users/estene/Documents/GitHub/audubon/audubon_images/plates/1-99/plate-40-american-redstart.jpg,Yes,/Users/estene/Documents/GitHub/audubon/inaturalist/american-redstart,/Users/estene/Documents/GitHub/audubon/inaturalist/american-redstart/plate-40-american-redstart.jpg,,/Users/estene/Documents/GitHub/audubon/mosaics/american-redstart.jpeg,/Users/estene/Documents/GitHub/audubon/displays/brown-creeper.jpeg
plate-2,yellow-billed-cuckoo,plate-2-yellow-billed-cuckoo.jpg,/Users/estene/Documents/GitHub/audubon/audubon_images/plates/1-99/plate-2-yellow-billed-cuckoo.jpg,Yes,/Users/estene/Documents/GitHub/audubon/inaturalist/yellow-billed-cuckoo,/Users/estene/Documents/GitHub/audubon/inaturalist/yellow-billed-cuckoo/plate-2-yellow-billed-cuckoo.jpg,,/Users/estene/Documents/GitHub/audubon/mosaics/yellow-billed-cuckoo.jpeg,/Users/estene/Documents/GitHub/audubon/displays/brown-creeper.jpeg
plate-56,red-shouldered-hawk,plate-56-red-shouldered-hawk.jpg,/Users/estene/Documents/GitHub/audubon/audubon_images/plates/1-99/plate-56-red-shouldered-hawk.jpg,Yes,/Users/estene/Documents/GitHub/audubon/inaturalist/red-shouldered-hawk,/Users/estene/Documents/GitHub/audubon/inaturalist/red-shouldered-hawk/plate-56-red-shouldered-hawk.jpg,,/Users/estene/Documents/GitHub/audubon/mosaics/red-shouldered-hawk.jpeg,/Users/estene/Documents/GitHub/audubon/displays/brown-creeper.jpeg
plate-61,great-horned-owl,plate-61-great-horned-owl.jpg,/Users/estene/Documents/GitHub/audubon/audubon_images/plates/1-99/plate-61-great-horned-owl.jpg,Yes,/Users/estene/Documents/GitHub/audubon/inaturalist/great-horned-owl,/Users/estene/Documents/GitHub/audubon/inaturalist/great-horned-owl/plate-61-great-horned-owl.jpg,,/Users/estene/Documents/GitHub/audubon/mosaics/great-horned-owl.jpeg,/Users/estene/Documents/GitHub/audubon/displays/brown-creeper.jpeg
plate-58,hermit-thrush,plate-58-hermit-thrush.jpg,/Users/estene/Documents/GitHub/audubon/audubon_images/plates/1-99/plate-58-hermit-thrush.jpg,Yes,/Users/estene/Documents/GitHub/audubon/inaturalist/hermit-thrush,/Users/estene/Documents/GitHub/audubon/inaturalist/hermit-thrush/plate-58-hermit-thrush.jpg,,/Users/estene/Documents/GitHub/audubon/mosaics/hermit-thrush.jpeg,/Users/estene/Documents/GitHub/audubon/displays/brown-creeper.jpeg
plate-34,worm-eating-warbler,plate-34-worm-eating-warbler.jpg,/Users/estene/Documents/GitHub/audubon/audubon_images/plates/1-99/plate-34-worm-eating-warbler.jpg,Yes,/Users/estene/Documents/GitHub/audubon/inaturalist/worm-eating-warbler,/Users/estene/Documents/GitHub/audubon/inaturalist/worm-eating-warbler/plate-34-worm-eating-warbler.jpg,,/Users/estene/Documents/GitHub/audubon/mosaics/worm-eating-warbler.jpeg,/Users/estene/Documents/GitHub/audubon/displays/brown-creeper.jpeg
plate-8,white-throated-sparrow,plate-8-white-throated-sparrow.jpg,/Users/estene/Documents/GitHub/audubon/audubon_images/plates/1-99/plate-8-white-throated-sparrow.jpg,Yes,/Users/estene/Documents/GitHub/audubon/inaturalist/white-throated-sparrow,/Users/estene/Documents/GitHub/audubon/inaturalist/white-throated-sparrow/plate-8-white-throated-sparrow.jpg,,/Users/estene/Documents/GitHub/audubon/mosaics/white-throated-sparrow.jpeg,/Users/estene/Documents/GitHub/audubon/displays/brown-creeper.jpeg
plate-89,nashville-warbler,plate-89-nashville-warbler.jpg,/Users/estene/Documents/GitHub/audubon/audubon_images/plates/1-99/plate-89-nashville-warbler.jpg,Yes,/Users/estene/Documents/GitHub/audubon/inaturalist/nashville-warbler,/Users/estene/Documents/GitHub/audubon/inaturalist/nashville-warbler/plate-89-nashville-warbler.jpg,,/Users/estene/Documents/GitHub/audubon/mosaics/nashville-warbler.jpeg,/Users/estene/Documents/GitHub/audubon/displays/brown-creeper.jpeg
plate-41,ruffed-grouse,plate-41-ruffed-grouse.jpg,/Users/estene/Documents/GitHub/audubon/audubon_images/plates/1-99/plate-41-ruffed-grouse.jpg,Yes,/Users/estene/Documents/GitHub/audubon/inaturalist/ruffed-grouse,/Users/estene/Documents/GitHub/audubon/inaturalist/ruffed-grouse/plate-41-ruffed-grouse.jpg,,/Users/estene/Documents/GitHub/audubon/mosaics/ruffed-grouse.jpeg,/Users/estene/Documents/GitHub/audubon/displays/brown-creeper.jpeg
plate-83,house-wren,plate-83-house-wren.jpg,/Users/estene/Documents/GitHub/audubon/audubon_images/plates/1-99/plate-83-house-wren.jpg,Yes,/Users/estene/Documents/GitHub/audubon/inaturalist/house-wren,/Users/estene/Documents/GitHub/audubon/inaturalist/house-wren/plate-83-house-wren.jpg,,/Users/estene/Documents/GitHub/audubon/mosaics/house-wren.jpeg,/Users/estene/Documents/GitHub/audubon/displays/brown-creeper.jpeg
plate-12,baltimore-oriole,plate-12-baltimore-oriole.jpg,/Users/estene/Documents/GitHub/audubon/audubon_images/plates/1-99/plate-12-baltimore-oriole.jpg,Yes,/Users/estene/Documents/GitHub/audubon/inaturalist/baltimore-oriole,/Users/estene/Documents/GitHub/audubon/inaturalist/baltimore-oriole/plate-12-baltimore-oriole.jpg,,/Users/estene/Documents/GitHub/audubon/mosaics/baltimore-oriole.jpeg,/Users/estene/Documents/GitHub/audubon/displays/brown-creeper.jpeg
plate-51,red-tailed-hawk,plate-51-red-tailed-hawk.jpg,/Users/estene/Documents/GitHub/audubon/audubon_images/plates/1-99/plate-51-red-tailed-hawk.jpg,Yes,/Users/estene/Documents/GitHub/audubon/inaturalist/red-tailed-hawk,/Users/estene/Documents/GitHub/audubon/inaturalist/red-tailed-hawk/plate-51-red-tailed-hawk.jpg,,/Users/estene/Documents/GitHub/audubon/mosaics/red-tailed-hawk.jpeg,/Users/estene/Documents/GitHub/audubon/displays/brown-creeper.jpeg
plate-3,prothonotary-warbler,plate-3-prothonotary-warbler.jpg,/Users/estene/Documents/GitHub/audubon/audubon_images/plates/1-99/plate-3-prothonotary-warbler.jpg,Yes,/Users/estene/Documents/GitHub/audubon/inaturalist/prothonotary-warbler,/Users/estene/Documents/GitHub/audubon/inaturalist/prothonotary-warbler/plate-3-prothonotary-warbler.jpg,,/Users/estene/Documents/GitHub/audubon/mosaics/prothonotary-warbler.jpeg,/Users/estene/Documents/GitHub/audubon/displays/brown-creeper.jpeg
plate-69,bay-breasted-warbler,plate-69-bay-breasted-warbler.jpg,/Users/estene/Documents/GitHub/audubon/audubon_images/plates/1-99/plate-69-bay-breasted-warbler.jpg,Yes,/Users/estene/Documents/GitHub/audubon/inaturalist/bay-breasted-warbler,/Users/estene/Documents/GitHub/audubon/inaturalist/bay-breasted-warbler/plate-69-bay-breasted-warbler.jpg,,/Users/estene/Documents/GitHub/audubon/mosaics/bay-breasted-warbler.jpeg,/Users/estene/Documents/GitHub/audubon/displays/brown-creeper.jpeg
plate-22,purple-martin,plate-22-purple-martin.jpg,/Users/estene/Documents/GitHub/audubon/audubon_images/plates/1-99/plate-22-purple-martin.jpg,Yes,/Users/estene/Documents/GitHub/audubon/inaturalist/purple-martin,/Users/estene/Documents/GitHub/audubon/inaturalist/purple-martin/plate-22-purple-martin.jpg,,/Users/estene/Documents/GitHub/audubon/mosaics/purple-martin.jpeg,/Users/estene/Documents/GitHub/audubon/displays/brown-creeper.jpeg
plate-4,purple-finch,plate-4-purple-finch.jpg,/Users/estene/Documents/GitHub/audubon/audubon_images/plates/1-99/plate-4-purple-finch.jpg,Yes,/Users/estene/Documents/GitHub/audubon/inaturalist/purple-finch,/Users/estene/Documents/GitHub/audubon/inaturalist/purple-finch/plate-4-purple-finch.jpg,,/Users/estene/Documents/GitHub/audubon/mosaics/purple-finch.jpeg,/Users/estene/Documents/GitHub/audubon/displays/brown-creeper.jpeg
plate-91,broad-winged-hawk,plate-91-broad-winged-hawk.jpg,/Users/estene/Documents/GitHub/audubon/audubon_images/plates/1-99/plate-91-broad-winged-hawk.jpg,Yes,/Users/estene/Documents/GitHub/audubon/inaturalist/broad-winged-hawk,/Users/estene/Documents/GitHub/audubon/inaturalist/broad-winged-hawk/plate-91-broad-winged-hawk.jpg,,/Users/estene/Documents/GitHub/audubon/mosaics/broad-winged-hawk.jpeg,/Users/estene/Documents/GitHub/audubon/displays/brown-creeper.jpeg
plate-42,orchard-oriole,plate-42-orchard-oriole.jpg,/Users/estene/Documents/GitHub/audubon/audubon_images/plates/1-99/plate-42-orchard-oriole.jpg,Yes,/Users/estene/Documents/GitHub/audubon/inaturalist/orchard-oriole,/Users/estene/Documents/GitHub/audubon/inaturalist/orchard-oriole/plate-42-orchard-oriole.jpg,,/Users/estene/Documents/GitHub/audubon/mosaics/orchard-oriole.jpeg,/Users/estene/Documents/GitHub/audubon/displays/brown-creeper.jpeg
plate-32,black-billed-cuckoo,plate-32-black-billed-cuckoo.jpg,/Users/estene/Documents/GitHub/audubon/audubon_images/plates/1-99/plate-32-black-billed-cuckoo.jpg,Yes,/Users/estene/Documents/GitHub/audubon/inaturalist/black-billed-cuckoo,/Users/estene/Documents/GitHub/audubon/inaturalist/black-billed-cuckoo/plate-32-black-billed-cuckoo.jpg,,/Users/estene/Documents/GitHub/audubon/mosaics/black-billed-cuckoo.jpeg,/Users/estene/Documents/GitHub/audubon/displays/brown-creeper.jpeg
plate-73,wood-thrush,plate-73-wood-thrush.jpg,/Users/estene/Documents/GitHub/audubon/audubon_images/plates/1-99/plate-73-wood-thrush.jpg,Yes,/Users/estene/Documents/GitHub/audubon/inaturalist/wood-thrush,/Users/estene/Documents/GitHub/audubon/inaturalist/wood-thrush/plate-73-wood-thrush.jpg,,/Users/estene/Documents/GitHub/audubon/mosaics/wood-thrush.jpeg,/Users/estene/Documents/GitHub/audubon/displays/brown-creeper.jpeg
plate-110,hooded-warbler,plate-110-hooded-warbler.jpg,/Users/estene/Documents/GitHub/audubon/audubon_images/plates/100-199/plate-110-hooded-warbler.jpg,Yes,/Users/estene/Documents/GitHub/audubon/inaturalist/hooded-warbler,/Users/estene/Documents/GitHub/audubon/inaturalist/hooded-warbler/plate-110-hooded-warbler.jpg,,/Users/estene/Documents/GitHub/audubon/mosaics/hooded-warbler.jpeg,/Users/estene/Documents/GitHub/audubon/displays/brown-creeper.jpeg
plate-163,palm-warbler,plate-163-palm-warbler.jpg,/Users/estene/Documents/GitHub/audubon/audubon_images/plates/100-199/plate-163-palm-warbler.jpg,Yes,/Users/estene/Documents/GitHub/audubon/inaturalist/palm-warbler,/Users/estene/Documents/GitHub/audubon/inaturalist/palm-warbler/plate-163-palm-warbler.jpg,,/Users/estene/Documents/GitHub/audubon/mosaics/palm-warbler.jpeg,/Users/estene/Documents/GitHub/audubon/displays/brown-creeper.jpeg
plate-102,blue-jay,plate-102-blue-jay.jpg,/Users/estene/Documents/GitHub/audubon/audubon_images/plates/100-199/plate-102-blue-jay.jpg,Yes,/Users/estene/Documents/GitHub/audubon/inaturalist/blue-jay,/Users/estene/Documents/GitHub/audubon/inaturalist/blue-jay/plate-102-blue-jay.jpg,,/Users/estene/Documents/GitHub/audubon/mosaics/blue-jay.jpeg,/Users/estene/Documents/GitHub/audubon/displays/brown-creeper.jpeg
plate-146,fish-crow,plate-146-fish-crow.jpg,/Users/estene/Documents/GitHub/audubon/audubon_images/plates/100-199/plate-146-fish-crow.jpg,Yes,/Users/estene/Documents/GitHub/audubon/inaturalist/fish-crow,/Users/estene/Documents/GitHub/audubon/inaturalist/fish-crow/plate-146-fish-crow.jpg,,/Users/estene/Documents/GitHub/audubon/mosaics/fish-crow.jpeg,/Users/estene/Documents/GitHub/audubon/displays/brown-creeper.jpeg
plate-156,american-crow,plate-156-american-crow.jpg,/Users/estene/Documents/GitHub/audubon/audubon_images/plates/100-199/plate-156-american-crow.jpg,Yes,/Users/estene/Documents/GitHub/audubon/inaturalist/american-crow,/Users/estene/Documents/GitHub/audubon/inaturalist/american-crow/plate-156-american-crow.jpg,,/Users/estene/Documents/GitHub/audubon/mosaics/american-crow.jpeg,/Users/estene/Documents/GitHub/audubon/displays/brown-creeper.jpeg
plate-137,yellow-breasted-chat,plate-137-yellow-breasted-chat.jpg,/Users/estene/Documents/GitHub/audubon/audubon_images/plates/100-199/plate-137-yellow-breasted-chat.jpg,Yes,/Users/estene/Documents/GitHub/audubon/inaturalist/yellow-breasted-chat,/Users/estene/Documents/GitHub/audubon/inaturalist/yellow-breasted-chat/plate-137-yellow-breasted-chat.jpg,,/Users/estene/Documents/GitHub/audubon/mosaics/yellow-breasted-chat.jpeg,/Users/estene/Documents/GitHub/audubon/displays/brown-creeper.jpeg
plate-111,pileated-woodpecker,plate-111-pileated-woodpecker.jpg,/Users/estene/Documents/GitHub/audubon/audubon_images/plates/100-199/plate-111-pileated-woodpecker.jpg,Yes,/Users/estene/Documents/GitHub/audubon/inaturalist/pileated-woodpecker,/Users/estene/Documents/GitHub/audubon/inaturalist/pileated-woodpecker/plate-111-pileated-woodpecker.jpg,,/Users/estene/Documents/GitHub/audubon/mosaics/pileated-woodpecker.jpeg,/Users/estene/Documents/GitHub/audubon/displays/brown-creeper.jpeg
plate-119,yellow-throated-vireo,plate-119-yellow-throated-vireo.jpg,/Users/estene/Documents/GitHub/audubon/audubon_images/plates/100-199/plate-119-yellow-throated-vireo.jpg,Yes,/Users/estene/Documents/GitHub/audubon/inaturalist/yellow-throated-vireo,/Users/estene/Documents/GitHub/audubon/inaturalist/yellow-throated-vireo/plate-119-yellow-throated-vireo.jpg,,/Users/estene/Documents/GitHub/audubon/mosaics/yellow-throated-vireo.jpeg,/Users/estene/Documents/GitHub/audubon/displays/brown-creeper.jpeg
plate-135,blackburnian-warbler,plate-135-blackburnian-warbler.jpg,/Users/estene/Documents/GitHub/audubon/audubon_images/plates/100-199/plate-135-blackburnian-warbler.jpg,Yes,/Users/estene/Documents/GitHub/audubon/inaturalist/blackburnian-warbler,/Users/estene/Documents/GitHub/audubon/inaturalist/blackburnian-warbler/plate-135-blackburnian-warbler.jpg,,/Users/estene/Documents/GitHub/audubon/mosaics/blackburnian-warbler.jpeg,/Users/estene/Documents/GitHub/audubon/displays/brown-creeper.jpeg
plate-105,red-breasted-nuthatch,plate-105-red-breasted-nuthatch.jpg,/Users/estene/Documents/GitHub/audubon/audubon_images/plates/100-199/plate-105-red-breasted-nuthatch.jpg,Yes,/Users/estene/Documents/GitHub/audubon/inaturalist/red-breasted-nuthatch,/Users/estene/Documents/GitHub/audubon/inaturalist/red-breasted-nuthatch/plate-105-red-breasted-nuthatch.jpg,,/Users/estene/Documents/GitHub/audubon/mosaics/red-breasted-nuthatch.jpeg,/Users/estene/Documents/GitHub/audubon/displays/brown-creeper.jpeg
plate-129,great-crested-flycatcher,plate-129-great-crested-flycatcher.jpg,/Users/estene/Documents/GitHub/audubon/audubon_images/plates/100-199/plate-129-great-crested-flycatcher.jpg,Yes,/Users/estene/Documents/GitHub/audubon/inaturalist/great-crested-flycatcher,/Users/estene/Documents/GitHub/audubon/inaturalist/great-crested-flycatcher/plate-129-great-crested-flycatcher.jpg,,/Users/estene/Documents/GitHub/audubon/mosaics/great-crested-flycatcher.jpeg,/Users/estene/Documents/GitHub/audubon/displays/brown-creeper.jpeg
plate-122,blue-grosbeak,plate-122-blue-grosbeak.jpg,/Users/estene/Documents/GitHub/audubon/audubon_images/plates/100-199/plate-122-blue-grosbeak.jpg,Yes,/Users/estene/Documents/GitHub/audubon/inaturalist/blue-grosbeak,/Users/estene/Documents/GitHub/audubon/inaturalist/blue-grosbeak/plate-122-blue-grosbeak.jpg,,/Users/estene/Documents/GitHub/audubon/mosaics/blue-grosbeak.jpeg,/Users/estene/Documents/GitHub/audubon/displays/brown-creeper.jpeg
plate-127,rose-breasted-grosbeak,plate-127-rose-breasted-grosbeak.jpg,/Users/estene/Documents/GitHub/audubon/audubon_images/plates/100-199/plate-127-rose-breasted-grosbeak.jpg,Yes,/Users/estene/Documents/GitHub/audubon/inaturalist/rose-breasted-grosbeak,/Users/estene/Documents/GitHub/audubon/inaturalist/rose-breasted-grosbeak/plate-127-rose-breasted-grosbeak.jpg,,/Users/estene/Documents/GitHub/audubon/mosaics/rose-breasted-grosbeak.jpeg,/Users/estene/Documents/GitHub/audubon/displays/brown-creeper.jpeg
plate-131,american-robin,plate-131-american-robin.jpg,/Users/estene/Documents/GitHub/audubon/audubon_images/plates/100-199/plate-131-american-robin.jpg,Yes,/Users/estene/Documents/GitHub/audubon/inaturalist/american-robin,/Users/estene/Documents/GitHub/audubon/inaturalist/american-robin/plate-131-american-robin.jpg,,/Users/estene/Documents/GitHub/audubon/mosaics/american-robin.jpeg,/Users/estene/Documents/GitHub/audubon/displays/brown-creeper.jpeg
plate-154,tennessee-warbler,plate-154-tennessee-warbler.jpg,/Users/estene/Documents/GitHub/audubon/audubon_images/plates/100-199/plate-154-tennessee-warbler.jpg,Yes,/Users/estene/Documents/GitHub/audubon/inaturalist/tennessee-warbler,/Users/estene/Documents/GitHub/audubon/inaturalist/tennessee-warbler/plate-154-tennessee-warbler.jpg,,/Users/estene/Documents/GitHub/audubon/mosaics/tennessee-warbler.jpeg,/Users/estene/Documents/GitHub/audubon/displays/brown-creeper.jpeg
plate-139,field-sparrow,plate-139-field-sparrow.jpg,/Users/estene/Documents/GitHub/audubon/audubon_images/plates/100-199/plate-139-field-sparrow.jpg,Yes,/Users/estene/Documents/GitHub/audubon/inaturalist/field-sparrow,/Users/estene/Documents/GitHub/audubon/inaturalist/field-sparrow/plate-139-field-sparrow.jpg,,/Users/estene/Documents/GitHub/audubon/mosaics/field-sparrow.jpeg,/Users/estene/Documents/GitHub/audubon/displays/brown-creeper.jpeg
plate-104,chipping-sparrow,plate-104-chipping-sparrow.jpg,/Users/estene/Documents/GitHub/audubon/audubon_images/plates/100-199/plate-104-chipping-sparrow.jpg,Yes,/Users/estene/Documents/GitHub/audubon/inaturalist/chipping-sparrow,/Users/estene/Documents/GitHub/audubon/inaturalist/chipping-sparrow/plate-104-chipping-sparrow.jpg,,/Users/estene/Documents/GitHub/audubon/mosaics/chipping-sparrow.jpeg,/Users/estene/Documents/GitHub/audubon/displays/brown-creeper.jpeg
plate-112,downy-woodpecker,plate-112-downy-woodpecker.jpg,/Users/estene/Documents/GitHub/audubon/audubon_images/plates/100-199/plate-112-downy-woodpecker.jpg,Yes,/Users/estene/Documents/GitHub/audubon/inaturalist/downy-woodpecker,/Users/estene/Documents/GitHub/audubon/inaturalist/downy-woodpecker/plate-112-downy-woodpecker.jpg,,/Users/estene/Documents/GitHub/audubon/mosaics/downy-woodpecker.jpeg,/Users/estene/Documents/GitHub/audubon/displays/brown-creeper.jpeg
plate-173,barn-swallow,plate-173-barn-swallow.jpg,/Users/estene/Documents/GitHub/audubon/audubon_images/plates/100-199/plate-173-barn-swallow.jpg,Yes,/Users/estene/Documents/GitHub/audubon/inaturalist/barn-swallow,/Users/estene/Documents/GitHub/audubon/inaturalist/barn-swallow/plate-173-barn-swallow.jpg,,/Users/estene/Documents/GitHub/audubon/mosaics/barn-swallow.jpeg,/Users/estene/Documents/GitHub/audubon/displays/brown-creeper.jpeg
plate-174,olive-sided-flycatcher,plate-174-olive-sided-flycatcher.jpg,/Users/estene/Documents/GitHub/audubon/audubon_images/plates/100-199/plate-174-olive-sided-flycatcher.jpg,Yes,/Users/estene/Documents/GitHub/audubon/inaturalist/olive-sided-flycatcher,/Users/estene/Documents/GitHub/audubon/inaturalist/olive-sided-flycatcher/plate-174-olive-sided-flycatcher.jpg,,/Users/estene/Documents/GitHub/audubon/mosaics/olive-sided-flycatcher.jpeg,/Users/estene/Documents/GitHub/audubon/displays/brown-creeper.jpeg
plate-100,marsh-wren,plate-100-marsh-wren.jpg,/Users/estene/Documents/GitHub/audubon/audubon_images/plates/100-199/plate-100-marsh-wren.jpg,Yes,/Users/estene/Documents/GitHub/audubon/inaturalist/marsh-wren,/Users/estene/Documents/GitHub/audubon/inaturalist/marsh-wren/plate-100-marsh-wren.jpg,,/Users/estene/Documents/GitHub/audubon/mosaics/marsh-wren.jpeg,/Users/estene/Documents/GitHub/audubon/displays/brown-creeper.jpeg
plate-114,white-crowned-sparrow,plate-114-white-crowned-sparrow.jpg,/Users/estene/Documents/GitHub/audubon/audubon_images/plates/100-199/plate-114-white-crowned-sparrow.jpg,Yes,/Users/estene/Documents/GitHub/audubon/inaturalist/white-crowned-sparrow,/Users/estene/Documents/GitHub/audubon/inaturalist/white-crowned-sparrow/plate-114-white-crowned-sparrow.jpg,,/Users/estene/Documents/GitHub/audubon/mosaics/white-crowned-sparrow.jpeg,/Users/estene/Documents/GitHub/audubon/displays/brown-creeper.jpeg
plate-103,canada-warbler,plate-103-canada-warbler.jpg,/Users/estene/Documents/GitHub/audubon/audubon_images/plates/100-199/plate-103-canada-warbler.jpg,Yes,/Users/estene/Documents/GitHub/audubon/inaturalist/canada-warbler,/Users/estene/Documents/GitHub/audubon/inaturalist/canada-warbler/plate-103-canada-warbler.jpg,,/Users/estene/Documents/GitHub/audubon/mosaics/canada-warbler.jpeg,/Users/estene/Documents/GitHub/audubon/displays/brown-creeper.jpeg
plate-121,snowy-owl,plate-121-snowy-owl.jpg,/Users/estene/Documents/GitHub/audubon/audubon_images/plates/100-199/plate-121-snowy-owl.jpg,Yes,/Users/estene/Documents/GitHub/audubon/inaturalist/snowy-owl,/Users/estene/Documents/GitHub/audubon/inaturalist/snowy-owl/plate-121-snowy-owl.jpg,,/Users/estene/Documents/GitHub/audubon/mosaics/snowy-owl.jpeg,/Users/estene/Documents/GitHub/audubon/displays/brown-creeper.jpeg
plate-150,red-eyed-vireo,plate-150-red-eyed-vireo.jpg,/Users/estene/Documents/GitHub/audubon/audubon_images/plates/100-199/plate-150-red-eyed-vireo.jpg,Yes,/Users/estene/Documents/GitHub/audubon/inaturalist/red-eyed-vireo,/Users/estene/Documents/GitHub/audubon/inaturalist/red-eyed-vireo/plate-150-red-eyed-vireo.jpg,,/Users/estene/Documents/GitHub/audubon/mosaics/red-eyed-vireo.jpeg,/Users/estene/Documents/GitHub/audubon/displays/brown-creeper.jpeg
plate-138,connecticut-warbler,plate-138-connecticut-warbler.jpg,/Users/estene/Documents/GitHub/audubon/audubon_images/plates/100-199/plate-138-connecticut-warbler.jpg,Yes,/Users/estene/Documents/GitHub/audubon/inaturalist/connecticut-warbler,/Users/estene/Documents/GitHub/audubon/inaturalist/connecticut-warbler/plate-138-connecticut-warbler.jpg,,/Users/estene/Documents/GitHub/audubon/mosaics/connecticut-warbler.jpeg,/Users/estene/Documents/GitHub/audubon/displays/brown-creeper.jpeg
plate-155,black-throated-blue-warbler,plate-155-black-throated-blue-warbler.jpg,/Users/estene/Documents/GitHub/audubon/audubon_images/plates/100-199/plate-155-black-throated-blue-warbler.jpg,Yes,/Users/estene/Documents/GitHub/audubon/inaturalist/black-throated-blue-warbler,/Users/estene/Documents/GitHub/audubon/inaturalist/black-throated-blue-warbler/plate-155-black-throated-blue-warbler.jpg,,/Users/estene/Documents/GitHub/audubon/mosaics/black-throated-blue-warbler.jpeg,/Users/estene/Documents/GitHub/audubon/displays/brown-creeper.jpeg
plate-178,orange-crowned-warbler,plate-178-orange-crowned-warbler.jpg,/Users/estene/Documents/GitHub/audubon/audubon_images/plates/100-199/plate-178-orange-crowned-warbler.jpg,Yes,/Users/estene/Documents/GitHub/audubon/inaturalist/orange-crowned-warbler,/Users/estene/Documents/GitHub/audubon/inaturalist/orange-crowned-warbler/plate-178-orange-crowned-warbler.jpg,,/Users/estene/Documents/GitHub/audubon/mosaics/orange-crowned-warbler.jpeg,/Users/estene/Documents/GitHub/audubon/displays/brown-creeper.jpeg
plate-268,american-woodcock,plate-268-american-woodcock.jpg,/Users/estene/Documents/GitHub/audubon/audubon_images/plates/200-299/plate-268-american-woodcock.jpg,Yes,/Users/estene/Documents/GitHub/audubon/inaturalist/american-woodcock,/Users/estene/Documents/GitHub/audubon/inaturalist/american-woodcock/plate-268-american-woodcock.jpg,,/Users/estene/Documents/GitHub/audubon/mosaics/american-woodcock.jpeg,/Users/estene/Documents/GitHub/audubon/displays/brown-creeper.jpeg
plate-289,solitary-sandpiper,plate-289-solitary-sandpiper.jpg,/Users/estene/Documents/GitHub/audubon/audubon_images/plates/200-299/plate-289-solitary-sandpiper.jpg,Yes,/Users/estene/Documents/GitHub/audubon/inaturalist/solitary-sandpiper,/Users/estene/Documents/GitHub/audubon/inaturalist/solitary-sandpiper/plate-289-solitary-sandpiper.jpg,,/Users/estene/Documents/GitHub/audubon/mosaics/solitary-sandpiper.jpeg,/Users/estene/Documents/GitHub/audubon/displays/brown-creeper.jpeg
plate-234,ring-necked-duck,plate-234-ring-necked-duck.jpg,/Users/estene/Documents/GitHub/audubon/audubon_images/plates/200-299/plate-234-ring-necked-duck.jpg,Yes,/Users/estene/Documents/GitHub/audubon/inaturalist/ring-necked-duck,/Users/estene/Documents/GitHub/audubon/inaturalist/ring-necked-duck/plate-234-ring-necked-duck.jpg,,/Users/estene/Documents/GitHub/audubon/mosaics/ring-necked-duck.jpeg,/Users/estene/Documents/GitHub/audubon/displays/brown-creeper.jpeg
plate-222,white-ibis,plate-222-white-ibis.jpg,/Users/estene/Documents/GitHub/audubon/audubon_images/plates/200-299/plate-222-white-ibis.jpg,Yes,/Users/estene/Documents/GitHub/audubon/inaturalist/white-ibis,/Users/estene/Documents/GitHub/audubon/inaturalist/white-ibis/plate-222-white-ibis.jpg,,/Users/estene/Documents/GitHub/audubon/mosaics/white-ibis.jpeg,/Users/estene/Documents/GitHub/audubon/displays/brown-creeper.jpeg
plate-294,pectoral-sandpiper,plate-294-pectoral-sandpiper.jpg,/Users/estene/Documents/GitHub/audubon/audubon_images/plates/200-299/plate-294-pectoral-sandpiper.jpg,Yes,/Users/estene/Documents/GitHub/audubon/inaturalist/pectoral-sandpiper,/Users/estene/Documents/GitHub/audubon/inaturalist/pectoral-sandpiper/plate-294-pectoral-sandpiper.jpg,,/Users/estene/Documents/GitHub/audubon/mosaics/pectoral-sandpiper.jpeg,/Users/estene/Documents/GitHub/audubon/displays/brown-creeper.jpeg
plate-291,herring-gull,plate-291-herring-gull.jpg,/Users/estene/Documents/GitHub/audubon/audubon_images/plates/200-299/plate-291-herring-gull.jpg,Yes,/Users/estene/Documents/GitHub/audubon/inaturalist/herring-gull,/Users/estene/Documents/GitHub/audubon/inaturalist/herring-gull/plate-291-herring-gull.jpg,,/Users/estene/Documents/GitHub/audubon/mosaics/herring-gull.jpeg,/Users/estene/Documents/GitHub/audubon/displays/brown-creeper.jpeg
plate-257,double-crested-cormorant,plate-257-double-crested-cormorant.jpg,/Users/estene/Documents/GitHub/audubon/audubon_images/plates/200-299/plate-257-double-crested-cormorant.jpg,Yes,/Users/estene/Documents/GitHub/audubon/inaturalist/double-crested-cormorant,/Users/estene/Documents/GitHub/audubon/inaturalist/double-crested-cormorant/plate-257-double-crested-cormorant.jpg,,/Users/estene/Documents/GitHub/audubon/mosaics/double-crested-cormorant.jpeg,/Users/estene/Documents/GitHub/audubon/displays/brown-creeper.jpeg
plate-244,common-gallinule,plate-244-common-gallinule.jpg,/Users/estene/Documents/GitHub/audubon/audubon_images/plates/200-299/plate-244-common-gallinule.jpg,Yes,/Users/estene/Documents/GitHub/audubon/inaturalist/common-gallinule,/Users/estene/Documents/GitHub/audubon/inaturalist/common-gallinule/plate-244-common-gallinule.jpg,,/Users/estene/Documents/GitHub/audubon/mosaics/common-gallinule.jpeg,/Users/estene/Documents/GitHub/audubon/displays/brown-creeper.jpeg
plate-211,great-blue-heron,plate-211-great-blue-heron.jpg,/Users/estene/Documents/GitHub/audubon/audubon_images/plates/200-299/plate-211-great-blue-heron.jpg,Yes,/Users/estene/Documents/GitHub/audubon/inaturalist/great-blue-heron,/Users/estene/Documents/GitHub/audubon/inaturalist/great-blue-heron/plate-211-great-blue-heron.jpg,,/Users/estene/Documents/GitHub/audubon/mosaics/great-blue-heron.jpeg,/Users/estene/Documents/GitHub/audubon/displays/brown-creeper.jpeg
plate-259,horned-grebe,plate-259-horned-grebe.jpg,/Users/estene/Documents/GitHub/audubon/audubon_images/plates/200-299/plate-259-horned-grebe.jpg,Yes,/Users/estene/Documents/GitHub/audubon/inaturalist/horned-grebe,/Users/estene/Documents/GitHub/audubon/inaturalist/horned-grebe/plate-259-horned-grebe.jpg,,/Users/estene/Documents/GitHub/audubon/mosaics/horned-grebe.jpeg,/Users/estene/Documents/GitHub/audubon/displays/brown-creeper.jpeg
plate-255,red-phalarope,plate-255-red-phalarope.jpg,/Users/estene/Documents/GitHub/audubon/audubon_images/plates/200-299/plate-255-red-phalarope.jpg,Yes,/Users/estene/Documents/GitHub/audubon/inaturalist/red-phalarope,/Users/estene/Documents/GitHub/audubon/inaturalist/red-phalarope/plate-255-red-phalarope.jpg,,/Users/estene/Documents/GitHub/audubon/mosaics/red-phalarope.jpeg,/Users/estene/Documents/GitHub/audubon/displays/brown-creeper.jpeg
plate-232,hooded-merganser,plate-232-hooded-merganser.jpg,/Users/estene/Documents/GitHub/audubon/audubon_images/plates/200-299/plate-232-hooded-merganser.jpg,Yes,/Users/estene/Documents/GitHub/audubon/inaturalist/hooded-merganser,/Users/estene/Documents/GitHub/audubon/inaturalist/hooded-merganser/plate-232-hooded-merganser.jpg,,/Users/estene/Documents/GitHub/audubon/mosaics/hooded-merganser.jpeg,/Users/estene/Documents/GitHub/audubon/displays/brown-creeper.jpeg
plate-205,virginia-rail,plate-205-virginia-rail.jpg,/Users/estene/Documents/GitHub/audubon/audubon_images/plates/200-299/plate-205-virginia-rail.jpg,Yes,/Users/estene/Documents/GitHub/audubon/inaturalist/virginia-rail,/Users/estene/Documents/GitHub/audubon/inaturalist/virginia-rail/plate-205-virginia-rail.jpg,,/Users/estene/Documents/GitHub/audubon/mosaics/virginia-rail.jpeg,/Users/estene/Documents/GitHub/audubon/displays/brown-creeper.jpeg
plate-210,least-bittern,plate-210-least-bittern.jpg,/Users/estene/Documents/GitHub/audubon/audubon_images/plates/200-299/plate-210-least-bittern.jpg,Yes,/Users/estene/Documents/GitHub/audubon/inaturalist/least-bittern,/Users/estene/Documents/GitHub/audubon/inaturalist/least-bittern/plate-210-least-bittern.jpg,,/Users/estene/Documents/GitHub/audubon/mosaics/least-bittern.jpeg,/Users/estene/Documents/GitHub/audubon/displays/brown-creeper.jpeg
plate-280,black-tern,plate-280-black-tern.jpg,/Users/estene/Documents/GitHub/audubon/audubon_images/plates/200-299/plate-280-black-tern.jpg,Yes,/Users/estene/Documents/GitHub/audubon/inaturalist/black-tern,/Users/estene/Documents/GitHub/audubon/inaturalist/black-tern/plate-280-black-tern.jpg,,/Users/estene/Documents/GitHub/audubon/mosaics/black-tern.jpeg,/Users/estene/Documents/GitHub/audubon/displays/brown-creeper.jpeg
plate-296,barnacle-goose,plate-296-barnacle-goose.jpg,/Users/estene/Documents/GitHub/audubon/audubon_images/plates/200-299/plate-296-barnacle-goose.jpg,Yes,/Users/estene/Documents/GitHub/audubon/inaturalist/barnacle-goose,/Users/estene/Documents/GitHub/audubon/inaturalist/barnacle-goose/plate-296-barnacle-goose.jpg,,/Users/estene/Documents/GitHub/audubon/mosaics/barnacle-goose.jpeg,/Users/estene/Documents/GitHub/audubon/displays/brown-creeper.jpeg
plate-201,canada-goose,plate-201-canada-goose.jpg,/Users/estene/Documents/GitHub/audubon/audubon_images/plates/200-299/plate-201-canada-goose.jpg,Yes,/Users/estene/Documents/GitHub/audubon/inaturalist/canada-goose,/Users/estene/Documents/GitHub/audubon/inaturalist/canada-goose/plate-201-canada-goose.jpg,,/Users/estene/Documents/GitHub/audubon/mosaics/canada-goose.jpeg,/Users/estene/Documents/GitHub/audubon/displays/brown-creeper.jpeg
plate-230,sanderling,plate-230-sanderling.jpg,/Users/estene/Documents/GitHub/audubon/audubon_images/plates/200-299/plate-230-sanderling.jpg,Yes,/Users/estene/Documents/GitHub/audubon/inaturalist/sanderling,/Users/estene/Documents/GitHub/audubon/inaturalist/sanderling/plate-230-sanderling.jpg,,/Users/estene/Documents/GitHub/audubon/mosaics/sanderling.jpeg,/Users/estene/Documents/GitHub/audubon/displays/brown-creeper.jpeg
plate-228,green-winged-teal,plate-228-green-winged-teal.jpg,/Users/estene/Documents/GitHub/audubon/audubon_images/plates/200-299/plate-228-green-winged-teal.jpg,Yes,/Users/estene/Documents/GitHub/audubon/inaturalist/green-winged-teal,/Users/estene/Documents/GitHub/audubon/inaturalist/green-winged-teal/plate-228-green-winged-teal.jpg,,/Users/estene/Documents/GitHub/audubon/mosaics/green-winged-teal.jpeg,/Users/estene/Documents/GitHub/audubon/displays/brown-creeper.jpeg
plate-281,great-white-heron,plate-281-great-white-heron.jpg,/Users/estene/Documents/GitHub/audubon/audubon_images/plates/200-299/plate-281-great-white-heron.jpg,Yes,/Users/estene/Documents/GitHub/audubon/inaturalist/great-white-heron,/Users/estene/Documents/GitHub/audubon/inaturalist/great-white-heron/plate-281-great-white-heron.jpg,,/Users/estene/Documents/GitHub/audubon/mosaics/great-white-heron.jpeg,/Users/estene/Documents/GitHub/audubon/displays/brown-creeper.jpeg
plate-239,american-coot,plate-239-american-coot.jpg,/Users/estene/Documents/GitHub/audubon/audubon_images/plates/200-299/plate-239-american-coot.jpg,Yes,/Users/estene/Documents/GitHub/audubon/inaturalist/american-coot,/Users/estene/Documents/GitHub/audubon/inaturalist/american-coot/plate-239-american-coot.jpg,,/Users/estene/Documents/GitHub/audubon/mosaics/american-coot.jpeg,/Users/estene/Documents/GitHub/audubon/displays/brown-creeper.jpeg
plate-310,spotted-sandpiper,plate-310-spotted-sandpiper.jpg,/Users/estene/Documents/GitHub/audubon/audubon_images/plates/300-399/plate-310-spotted-sandpiper.jpg,Yes,/Users/estene/Documents/GitHub/audubon/inaturalist/spotted-sandpiper,/Users/estene/Documents/GitHub/audubon/inaturalist/spotted-sandpiper/plate-310-spotted-sandpiper.jpg,,/Users/estene/Documents/GitHub/audubon/mosaics/spotted-sandpiper.jpeg,/Users/estene/Documents/GitHub/audubon/displays/brown-creeper.jpeg
plate-314,black-headed-gull,plate-314-black-headed-gull.jpg,/Users/estene/Documents/GitHub/audubon/audubon_images/plates/300-399/plate-314-black-headed-gull.jpg,Yes,/Users/estene/Documents/GitHub/audubon/inaturalist/black-headed-gull,/Users/estene/Documents/GitHub/audubon/inaturalist/black-headed-gull/plate-314-black-headed-gull.jpg,,/Users/estene/Documents/GitHub/audubon/mosaics/black-headed-gull.jpeg,/Users/estene/Documents/GitHub/audubon/displays/brown-creeper.jpeg
plate-387,glossy-ibis,plate-387-glossy-ibis.jpg,/Users/estene/Documents/GitHub/audubon/audubon_images/plates/300-399/plate-387-glossy-ibis.jpg,Yes,/Users/estene/Documents/GitHub/audubon/inaturalist/glossy-ibis,/Users/estene/Documents/GitHub/audubon/inaturalist/glossy-ibis/plate-387-glossy-ibis.jpg,,/Users/estene/Documents/GitHub/audubon/mosaics/glossy-ibis.jpeg,/Users/estene/Documents/GitHub/audubon/displays/brown-creeper.jpeg
plate-312,long-tailed-duck,plate-312-long-tailed-duck.jpg,/Users/estene/Documents/GitHub/audubon/audubon_images/plates/300-399/plate-312-long-tailed-duck.jpg,Yes,/Users/estene/Documents/GitHub/audubon/inaturalist/long-tailed-duck,/Users/estene/Documents/GitHub/audubon/inaturalist/long-tailed-duck/plate-312-long-tailed-duck.jpg,,/Users/estene/Documents/GitHub/audubon/mosaics/long-tailed-duck.jpeg,/Users/estene/Documents/GitHub/audubon/displays/brown-creeper.jpeg
plate-333,green-heron,plate-333-green-heron.jpg,/Users/estene/Documents/GitHub/audubon/audubon_images/plates/300-399/plate-333-green-heron.jpg,Yes,/Users/estene/Documents/GitHub/audubon/inaturalist/green-heron,/Users/estene/Documents/GitHub/audubon/inaturalist/green-heron/plate-333-green-heron.jpg,,/Users/estene/Documents/GitHub/audubon/mosaics/green-heron.jpeg,/Users/estene/Documents/GitHub/audubon/displays/brown-creeper.jpeg
plate-305,purple-gallinule,plate-305-purple-gallinule.jpg,/Users/estene/Documents/GitHub/audubon/audubon_images/plates/300-399/plate-305-purple-gallinule.jpg,Yes,/Users/estene/Documents/GitHub/audubon/inaturalist/purple-gallinule,/Users/estene/Documents/GitHub/audubon/inaturalist/purple-gallinule/plate-305-purple-gallinule.jpg,,/Users/estene/Documents/GitHub/audubon/mosaics/purple-gallinule.jpeg,/Users/estene/Documents/GitHub/audubon/displays/brown-creeper.jpeg
plate-313,blue-winged-teal,plate-313-blue-winged-teal.jpg,/Users/estene/Documents/GitHub/audubon/audubon_images/plates/300-399/plate-313-blue-winged-teal.jpg,Yes,/Users/estene/Documents/GitHub/audubon/inaturalist/blue-winged-teal,/Users/estene/Documents/GitHub/audubon/inaturalist/blue-winged-teal/plate-313-blue-winged-teal.jpg,,/Users/estene/Documents/GitHub/audubon/mosaics/blue-winged-teal.jpeg,/Users/estene/Documents/GitHub/audubon/displays/brown-creeper.jpeg
plate-374,sharp-shinned-hawk,plate-374-sharp-shinned-hawk.jpg,/Users/estene/Documents/GitHub/audubon/audubon_images/plates/300-399/plate-374-sharp-shinned-hawk.jpg,Yes,/Users/estene/Documents/GitHub/audubon/inaturalist/sharp-shinned-hawk,/Users/estene/Documents/GitHub/audubon/inaturalist/sharp-shinned-hawk/plate-374-sharp-shinned-hawk.jpg,,/Users/estene/Documents/GitHub/audubon/mosaics/sharp-shinned-hawk.jpeg,/Users/estene/Documents/GitHub/audubon/displays/brown-creeper.jpeg
plate-360,winter-wren,plate-360-winter-wren.jpg,/Users/estene/Documents/GitHub/audubon/audubon_images/plates/300-399/plate-360-winter-wren.jpg,Yes,/Users/estene/Documents/GitHub/audubon/inaturalist/winter-wren,/Users/estene/Documents/GitHub/audubon/inaturalist/winter-wren/plate-360-winter-wren.jpg,,/Users/estene/Documents/GitHub/audubon/mosaics/winter-wren.jpeg,/Users/estene/Documents/GitHub/audubon/displays/brown-creeper.jpeg
plate-381,snow-goose,plate-381-snow-goose.jpg,/Users/estene/Documents/GitHub/audubon/audubon_images/plates/300-399/plate-381-snow-goose.jpg,Yes,/Users/estene/Documents/GitHub/audubon/inaturalist/snow-goose,/Users/estene/Documents/GitHub/audubon/inaturalist/snow-goose/plate-381-snow-goose.jpg,,/Users/estene/Documents/GitHub/audubon/mosaics/snow-goose.jpeg,/Users/estene/Documents/GitHub/audubon/displays/brown-creeper.jpeg
plate-385,bank-swallow,plate-385-bank-swallow.jpg,/Users/estene/Documents/GitHub/audubon/audubon_images/plates/300-399/plate-385-bank-swallow.jpg,Yes,/Users/estene/Documents/GitHub/audubon/inaturalist/bank-swallow,/Users/estene/Documents/GitHub/audubon/inaturalist/bank-swallow/plate-385-bank-swallow.jpg,,/Users/estene/Documents/GitHub/audubon/mosaics/bank-swallow.jpeg,/Users/estene/Documents/GitHub/audubon/displays/brown-creeper.jpeg
plate-343,ruddy-duck,plate-343-ruddy-duck.jpg,/Users/estene/Documents/GitHub/audubon/audubon_images/plates/300-399/plate-343-ruddy-duck.jpg,Yes,/Users/estene/Documents/GitHub/audubon/inaturalist/ruddy-duck,/Users/estene/Documents/GitHub/audubon/inaturalist/ruddy-duck/plate-343-ruddy-duck.jpg,,/Users/estene/Documents/GitHub/audubon/mosaics/ruddy-duck.jpeg,/Users/estene/Documents/GitHub/audubon/displays/brown-creeper.jpeg
plate-399,black-throated-green-warbler,plate-399-black-throated-green-warbler.jpg,/Users/estene/Documents/GitHub/audubon/audubon_images/plates/300-399/plate-399-black-throated-green-warbler.jpg,Yes,/Users/estene/Documents/GitHub/audubon/inaturalist/black-throated-green-warbler,/Users/estene/Documents/GitHub/audubon/inaturalist/black-throated-green-warbler/plate-399-black-throated-green-warbler.jpg,,/Users/estene/Documents/GitHub/audubon/mosaics/black-throated-green-warbler.jpeg,/Users/estene/Documents/GitHub/audubon/displays/brown-creeper.jpeg
plate-337,american-bittern,plate-337-american-bittern.jpg,/Users/estene/Documents/GitHub/audubon/audubon_images/plates/300-399/plate-337-american-bittern.jpg,Yes,/Users/estene/Documents/GitHub/audubon/inaturalist/american-bittern,/Users/estene/Documents/GitHub/audubon/inaturalist/american-bittern/plate-337-american-bittern.jpg,,/Users/estene/Documents/GitHub/audubon/mosaics/american-bittern.jpeg,/Users/estene/Documents/GitHub/audubon/displays/brown-creeper.jpeg
plate-383,long-eared-owl,plate-383-long-eared-owl.jpg,/Users/estene/Documents/GitHub/audubon/audubon_images/plates/300-399/plate-383-long-eared-owl.jpg,Yes,/Users/estene/Documents/GitHub/audubon/inaturalist/long-eared-owl,/Users/estene/Documents/GitHub/audubon/inaturalist/long-eared-owl/plate-383-long-eared-owl.jpg,,/Users/estene/Documents/GitHub/audubon/mosaics/long-eared-owl.jpeg,/Users/estene/Documents/GitHub/audubon/displays/brown-creeper.jpeg
plate-373,evening-grosbeak,plate-373-evening-grosbeak.jpg,/Users/estene/Documents/GitHub/audubon/audubon_images/plates/300-399/plate-373-evening-grosbeak.jpg,Yes,/Users/estene/Documents/GitHub/audubon/inaturalist/evening-grosbeak,/Users/estene/Documents/GitHub/audubon/inaturalist/evening-grosbeak/plate-373-evening-grosbeak.jpg,,/Users/estene/Documents/GitHub/audubon/mosaics/evening-grosbeak.jpeg,/Users/estene/Documents/GitHub/audubon/displays/brown-creeper.jpeg
plate-414,golden-winged-warbler,plate-414-golden-winged-warbler.jpg,/Users/estene/Documents/GitHub/audubon/audubon_images/plates/400-435/plate-414-golden-winged-warbler.jpg,Yes,/Users/estene/Documents/GitHub/audubon/inaturalist/golden-winged-warbler,/Users/estene/Documents/GitHub/audubon/inaturalist/golden-winged-warbler/plate-414-golden-winged-warbler.jpg,,/Users/estene/Documents/GitHub/audubon/mosaics/golden-winged-warbler.jpeg,/Users/estene/Documents/GitHub/audubon/displays/brown-creeper.jpeg
plate-401,red-breasted-merganser,plate-401-red-breasted-merganser.jpg,/Users/estene/Documents/GitHub/audubon/audubon_images/plates/400-435/plate-401-red-breasted-merganser.jpg,Yes,/Users/estene/Documents/GitHub/audubon/inaturalist/red-breasted-merganser,/Users/estene/Documents/GitHub/audubon/inaturalist/red-breasted-merganser/plate-401-red-breasted-merganser.jpg,,/Users/estene/Documents/GitHub/audubon/mosaics/red-breasted-merganser.jpeg,/Users/estene/Documents/GitHub/audubon/displays/brown-creeper.jpeg
plate-416,hairy-woodpecker,plate-416-hairy-woodpecker.jpg,/Users/estene/Documents/GitHub/audubon/audubon_images/plates/400-435/plate-416-hairy-woodpecker.jpg,Yes,/Users/estene/Documents/GitHub/audubon/inaturalist/hairy-woodpecker,/Users/estene/Documents/GitHub/audubon/inaturalist/hairy-woodpecker/plate-416-hairy-woodpecker.jpg,,/Users/estene/Documents/GitHub/audubon/mosaics/hairy-woodpecker.jpeg,/Users/estene/Documents/GitHub/audubon/displays/brown-creeper.jpeg
plate-405,semipalmated-sandpiper,plate-405-semipalmated-sandpiper.jpg,/Users/estene/Documents/GitHub/audubon/audubon_images/plates/400-435/plate-405-semipalmated-sandpiper.jpg,Yes,/Users/estene/Documents/GitHub/audubon/inaturalist/semipalmated-sandpiper,/Users/estene/Documents/GitHub/audubon/inaturalist/semipalmated-sandpiper/plate-405-semipalmated-sandpiper.jpg,,/Users/estene/Documents/GitHub/audubon/mosaics/semipalmated-sandpiper.jpeg,/Users/estene/Documents/GitHub/audubon/displays/brown-creeper.jpeg
plate-415,brown-creeper,plate-415-brown-creeper.jpg,/Users/estene/Documents/GitHub/audubon/audubon_images/plates/400-435/plate-415-brown-creeper.jpg,Yes,/Users/estene/Documents/GitHub/audubon/inaturalist/brown-creeper,/Users/estene/Documents/GitHub/audubon/inaturalist/brown-creeper/plate-415-brown-creeper.jpg,,/Users/estene/Documents/GitHub/audubon/mosaics/brown-creeper.jpeg,/Users/estene/Documents/GitHub/audubon/displays/brown-creeper.jpeg
